{
  "all_curves_json": "{\"rgb\":[[0,0],[0.5952982509647565,0.41327548754992527],[1,1]],\"r\":[[0,0],[1,1]],\"g\":[[0,0],[1,1]],\"b\":[[0,0],[1,1]]}"
}