{
  "all_curves_json": "{\"rgb\":[[0,0],[0.4052838477837682,0.5690105014551459],[1,1]],\"r\":[[0,0],[1,1]],\"g\":[[0,0],[1,1]],\"b\":[[0,0],[1,1]]}"
}