{
  "all_curves_json": "{\"rgb\":[[0,0],[0.4113663423468781,0.2703628242622187],[0.625,0.7244349678563261],[1,1]],\"r\":[[0,0],[1,1]],\"g\":[[0,0],[1,1]],\"b\":[[0,0],[1,1]]}"
}